{
  "best_model": "LogisticRegression",
  "accuracy": 1.0,
  "f1_macro": 1.0,
  "f1_weighted": 1.0,
  "results": [
    {
      "model": "LogisticRegression",
      "train_acc": 1.0,
      "test_acc": 1.0,
      "cv_mean": 0.6861728395061728
    },
    {
      "model": "LinearSVM",
      "train_acc": 1.0,
      "test_acc": 1.0,
      "cv_mean": 0.674567901234568
    },
    {
      "model": "RandomForest",
      "train_acc": 1.0,
      "test_acc": 1.0,
      "cv_mean": 0.6617283950617284
    },
    {
      "model": "NaiveBayes",
      "train_acc": 0.999537037037037,
      "test_acc": 0.9981481481481481,
      "cv_mean": 0.6300000000000001
    }
  ]
}